Keyword,Target Page,City,Monthly Position
best AI company in Madurai,https://www.vrmaitechnology.com/ai-company-madurai,Madurai,TBD
top AI innovation company in Bangalore,https://www.vrmaitechnology.com/ai-company-bangalore,Bangalore,TBD
top growing AI company in Tamil Nadu,https://www.vrmaitechnology.com/ai-company-tamil-nadu,Tamil Nadu,TBD
India innovation AI company,https://www.vrmaitechnology.com/ai-innovation-india,India,TBD
AI company serving Chennai,https://www.vrmaitechnology.com/ai-innovation-india,Chennai,TBD
GenAI platforms,https://www.vrmaitechnology.com/,India,TBD
AI chatbots,https://www.vrmaitechnology.com/ai-chatbot-development,India,TBD
voice AI,https://www.vrmaitechnology.com/solutions/ai-calling-agent,India,TBD
AI calling agent,https://www.vrmaitechnology.com/solutions/ai-calling-agent,India,TBD
AI consulting,https://www.vrmaitechnology.com/solutions,India,TBD
machine learning services,https://www.vrmaitechnology.com/solutions/machine-learning-services,India,TBD
